# Tank 	 Leo
# Martana
# ML-CUP24
# 02/01/2024
1,1.486513376235962,-1.424652338027954,27.557180404663086
2,-0.07296755909919739,2.0508697032928467,25.81382179260254
3,1.1713049411773682,-0.15540452301502228,-17.761207580566406
4,0.23378536105155945,-0.024377748370170593,-3.8393828868865967
5,-0.30827856063842773,0.031009212136268616,3.2457475662231445
6,2.0085716247558594,1.8748273849487305,31.505247116088867
7,0.22528719902038574,-0.3787509799003601,5.398974895477295
8,-0.4827496111392975,-0.40890592336654663,-6.349483489990234
9,-1.5035641193389893,-0.1926090270280838,15.771683692932129
10,-0.7195192575454712,0.40688467025756836,8.475896835327148
11,1.823681116104126,-1.4943180084228516,27.19626235961914
12,0.3015236556529999,1.094637155532837,26.184236526489258
13,0.5278472900390625,-1.2222578525543213,28.862993240356445
14,-1.8854255676269531,-1.122467041015625,22.071413040161133
15,2.057353973388672,-1.2133920192718506,24.267436981201172
16,1.9168002605438232,-1.4815552234649658,27.099611282348633
17,1.1076607704162598,-0.2615984082221985,-18.180471420288086
18,-0.11643949151039124,-0.04191465675830841,0.12104292213916779
19,0.4688834846019745,0.5589583516120911,-23.22073745727539
20,2.9423255920410156,-0.9266206622123718,31.131181716918945
21,-0.2697277367115021,-0.9492766261100769,10.858685493469238
22,-0.43911054730415344,0.18746517598628998,2.5956127643585205
23,-0.5766171216964722,0.08276285231113434,-6.030868053436279
24,1.0638301372528076,-0.46137481927871704,12.213822364807129
25,0.19130823016166687,0.07707031071186066,-3.8544561862945557
26,1.1586213111877441,-0.18243153393268585,-17.862274169921875
27,1.009655237197876,0.38331323862075806,-16.312625885009766
28,1.1581923961639404,-0.18327052891254425,-17.86546516418457
29,0.0360015332698822,-0.4555911421775818,4.494116306304932
30,-0.22697284817695618,0.31497472524642944,-13.35728931427002
31,0.5812599658966064,0.20107047259807587,7.226101398468018
32,1.855532169342041,-1.4915904998779297,27.163015365600586
33,-0.1387055218219757,0.10024605691432953,2.079824209213257
34,-0.19380024075508118,0.41395431756973267,-13.586213111877441
35,-0.11310413479804993,1.5129815340042114,14.3129301071167
36,1.3759031295776367,1.1447489261627197,30.41387367248535
37,-0.07086482644081116,0.049504682421684265,1.9489890336990356
38,0.46543070673942566,-0.40914589166641235,-20.43332290649414
39,0.062147825956344604,-0.21161480247974396,-12.064644813537598
40,1.1619608402252197,0.08947889506816864,-17.07924461364746
41,1.806882619857788,-1.4812836647033691,24.15345001220703
42,0.2527987062931061,0.6973428130149841,7.562144756317139
43,0.6135345697402954,1.7650560140609741,20.453378677368164
44,-2.2137386798858643,0.09970025718212128,21.27543067932129
45,-0.29826632142066956,1.511196494102478,14.373414993286133
46,0.8061184883117676,-1.621528148651123,18.009199142456055
47,1.2008237838745117,0.8186829686164856,29.822298049926758
48,1.2779492139816284,1.3910436630249023,20.294015884399414
49,1.3485267162322998,1.0986607074737549,30.318843841552734
50,-0.17743447422981262,0.7454152703285217,8.054129600524902
51,0.031773775815963745,-0.19304414093494415,-12.135027885437012
52,1.1553514003753662,-0.18872590363025665,-17.886272430419922
53,-1.4555659294128418,-1.6572284698486328,22.490814208984375
54,-0.030885368585586548,0.17163895070552826,-1.4362705945968628
55,0.27237793803215027,1.8926446437835693,20.49600601196289
56,1.8798452615737915,0.5329273343086243,19.665435791015625
57,0.8815613985061646,-0.7232261300086975,12.062173843383789
58,-1.3629224300384521,-1.7362496852874756,22.55388069152832
59,-0.48463425040245056,-0.8213014006614685,10.636975288391113
60,-0.8977587223052979,0.15625838935375214,8.922201156616211
61,-0.80992591381073,-0.3852584958076477,9.976059913635254
62,0.10519906878471375,1.1265828609466553,26.14129066467285
63,-0.34345996379852295,-0.08882106840610504,3.440391778945923
64,-0.13471606373786926,0.5034982562065125,-13.800934791564941
65,-0.4758366644382477,-0.4216775894165039,-6.354280948638916
66,-1.310755729675293,1.7180266380310059,20.640043258666992
67,4.617063045501709,0.4861496090888977,34.01671600341797
68,-2.810842990875244,-1.6102077960968018,26.408252716064453
69,-0.42804768681526184,0.5063879489898682,-6.630581378936768
70,1.9125934839248657,0.9388628602027893,25.287538528442383
71,-1.0582153797149658,1.0680077075958252,14.89273738861084
72,-0.12793955206871033,-0.40752196311950684,4.137372016906738
73,-0.09432187676429749,-1.0381386280059814,10.965048789978027
74,-0.8829737901687622,-0.24976499378681183,9.755597114562988
75,1.8975611925125122,0.4133608937263489,19.56902313232422
76,2.0923237800598145,-1.1559453010559082,24.289438247680664
77,0.09699103236198425,0.11544926464557648,-2.20108699798584
78,0.8732461929321289,0.5227733254432678,-15.908706665039062
79,2.4417574405670166,-1.1084635257720947,30.54007339477539
80,-0.34785178303718567,-0.09571005403995514,3.4482920169830322
81,0.3179301917552948,1.990835189819336,25.77589225769043
82,0.8164969682693481,0.20239858329296112,-9.153284072875977
83,0.12900111079216003,0.6661766171455383,-14.340188980102539
84,2.2761306762695312,-1.2550232410430908,26.710071563720703
85,1.2936434745788574,0.9883416295051575,30.10086441040039
86,0.05785056948661804,-3.057413339614868,27.55443000793457
87,2.0607733726501465,1.892479419708252,31.53700828552246
88,0.31655117869377136,-0.30874186754226685,-20.83683967590332
89,1.2628751993179321,0.1498434990644455,12.754237174987793
90,-0.16272762417793274,-3.1582019329071045,27.499082565307617
91,-0.03710618615150452,-1.0653237104415894,10.988211631774902
92,1.5247597694396973,1.3418312072753906,30.805217742919922
93,1.1778888702392578,-0.13109441101551056,-17.680397033691406
94,-1.3209381103515625,-3.1639533042907715,27.18479347229004
95,1.8553526401519775,0.34481197595596313,26.41683006286621
96,0.4108099639415741,1.3550323247909546,14.150928497314453
97,0.46404770016670227,-0.09902448952198029,6.478724002838135
98,-0.08196189999580383,-0.015432670712471008,0.16149909794330597
99,-0.6973176002502441,-2.1255555152893066,22.93747901916504
100,0.21055790781974792,0.38987427949905396,-22.548824310302734
101,-0.3409862816333771,0.11560587584972382,3.0099780559539795
102,1.8580355644226074,0.34232693910598755,26.417001724243164
103,1.2731828689575195,0.26946812868118286,12.852667808532715
104,-0.4916474521160126,0.6232773661613464,8.229486465454102
105,-0.8565452098846436,-0.3056747317314148,9.845733642578125
106,-0.047012776136398315,0.1804601401090622,-1.3407639265060425
107,-2.1384387016296387,0.634418785572052,25.684600830078125
108,-1.9359333515167236,-2.842536687850952,26.969921112060547
109,0.042882949113845825,-1.0774458646774292,11.127747535705566
110,-0.7325315475463867,-3.2614972591400146,27.347124099731445
111,0.2761166989803314,0.6792463660240173,7.540838718414307
112,0.331647664308548,-0.27026599645614624,5.910694599151611
113,-0.3934378921985626,0.553248941898346,-6.820585250854492
114,0.46651479601860046,0.696269690990448,-8.08083438873291
115,3.8031060695648193,-0.4272553324699402,32.13868713378906
116,0.05620858073234558,-2.2628164291381836,23.291791915893555
117,0.8073791265487671,-0.8047810196876526,12.02500057220459
118,3.1534881591796875,-0.838359534740448,31.377023696899414
119,-0.0032719671726226807,-1.071158528327942,11.028922080993652
120,1.1206344366073608,0.689402163028717,13.234623908996582
121,-0.3945883810520172,0.5514208674430847,-6.813928604125977
122,-1.267067790031433,0.8146787285804749,15.07988452911377
123,0.07486864924430847,-0.21830739080905914,-12.033699989318848
124,0.7725157737731934,-0.4417181611061096,-19.505725860595703
125,-1.158901572227478,1.8095476627349854,20.61684226989746
126,-1.2095310688018799,-1.2125797271728516,16.614625930786133
127,-0.50486159324646,0.37637490034103394,-6.259671688079834
128,-0.028211861848831177,-0.45865029096603394,4.240774631500244
129,0.9188504219055176,-1.5549380779266357,18.06074333190918
130,0.9747530221939087,0.9230322241783142,13.480013847351074
131,-0.22403815388679504,0.18396030366420746,-13.052345275878906
132,0.7713499069213867,-0.10483004152774811,-9.962373733520508
133,0.5883064270019531,0.5788782238960266,-23.462188720703125
134,0.19300726056098938,-0.401672899723053,5.248554706573486
135,-0.9034230709075928,0.13414494693279266,8.966057777404785
136,0.5652132034301758,-0.265377402305603,-10.699728965759277
137,0.7780275344848633,1.6896768808364868,20.422189712524414
138,0.14623591303825378,0.2708420157432556,-22.237506866455078
139,-0.18586304783821106,0.4295821785926819,-13.622021675109863
140,-2.296241044998169,0.5166152119636536,25.677433013916016
141,-2.4850549697875977,-2.274120569229126,26.715639114379883
142,0.18843743205070496,-0.14585264027118683,-21.277599334716797
143,-0.9178082942962646,-0.15458090603351593,9.549216270446777
144,2.274531126022339,1.9440808296203613,31.67967987060547
145,-0.4429934322834015,-0.4702056646347046,-6.396630764007568
146,4.067384719848633,-0.19070692360401154,32.49143981933594
147,-0.31896474957466125,-0.9759265780448914,28.194046020507812
148,0.8320693969726562,-1.6068998575210571,18.021080017089844
149,0.543673038482666,0.5751013159751892,-23.37232780456543
150,-0.30778148770332336,0.029980584979057312,3.2456307411193848
151,2.236262321472168,-1.3006446361541748,26.75858497619629
152,-0.8606791496276855,1.9241926670074463,20.587480545043945
153,-0.30872759222984314,0.03225718438625336,3.246380090713501
154,1.1080677509307861,-1.4253969192504883,18.147668838500977
155,-0.43423476815223694,-0.47661685943603516,-6.402914524078369
156,-0.3027689754962921,1.5109599828720093,14.375090599060059
157,-1.962881088256836,-2.8227219581604004,26.959259033203125
158,4.120909690856934,1.361482858657837,33.86985778808594
159,0.19651469588279724,0.07242582738399506,-3.904994249343872
160,-1.0760236978530884,1.848088026046753,20.60370445251465
161,-0.25437381863594055,0.15756802260875702,2.2693727016448975
162,-1.3911161422729492,-3.1387693881988525,27.163616180419922
163,1.0343475341796875,0.3507975935935974,-16.400327682495117
164,-0.21830680966377258,-0.5485211610794067,-6.233877658843994
165,-0.6809778213500977,-0.7830697894096375,27.88191032409668
166,1.0235927104949951,0.365328848361969,-16.361330032348633
167,0.8926974534988403,-0.7096790671348572,12.068755149841309
168,-1.599577784538269,0.47153526544570923,26.682411193847656
169,1.6254982948303223,-1.6341452598571777,24.071996688842773
170,0.041441649198532104,-0.19933439791202545,-12.112339973449707
171,0.5462740659713745,0.06596963107585907,7.018002510070801
172,-0.08057621121406555,0.06811724603176117,2.004774332046509
173,-0.6903978586196899,0.44577866792678833,8.428223609924316
174,-1.2474669218063354,0.8468506932258606,15.05243968963623
175,0.15466973185539246,-0.25576186180114746,-11.79052448272705
176,2.2847328186035156,-1.2440245151519775,26.699174880981445
177,1.6891964673995972,-0.747222363948822,18.57114601135254
178,0.6519801616668701,-0.2246672660112381,-10.459596633911133
179,0.23346540331840515,1.4233109951019287,14.215498924255371
180,0.7644712924957275,0.973605215549469,26.275117874145508
181,-0.6275813579559326,2.0374085903167725,25.848054885864258
182,-1.3862981796264648,1.6541714668273926,20.648828506469727
183,-0.1264435350894928,0.7632703185081482,7.994861125946045
184,0.15978917479515076,-0.4970478415489197,-5.0215840339660645
185,-0.1262827217578888,1.5133512020111084,14.316739082336426
186,-0.2777010500431061,-0.534674882888794,-6.3468017578125
187,0.01907309889793396,0.055522188544273376,-0.02545802667737007
188,2.447990894317627,-0.8036107420921326,26.409210205078125
189,1.0365791320800781,-0.48123377561569214,28.668550491333008
190,-1.5260603427886963,1.195866346359253,26.185640335083008
191,1.527878999710083,0.6022573113441467,26.38765525817871
192,0.8208568096160889,0.1801491230726242,-9.197563171386719
193,0.1723298728466034,-1.0471904277801514,11.339118957519531
194,0.6502704620361328,-1.700432538986206,17.93733787536621
195,2.4392597675323486,-0.582326352596283,26.351871490478516
196,1.1051006317138672,1.5117647647857666,20.335725784301758
197,-0.3421275317668915,-0.08681844174861908,3.4381446838378906
198,1.754101276397705,-1.5296380519866943,24.13018798828125
199,0.4728240668773651,-1.2129886150360107,28.82090187072754
200,-1.5061426162719727,-0.48584669828414917,15.965975761413574
201,1.008972406387329,0.3841708302497864,-16.310291290283203
202,1.8887295722961426,0.3133466839790344,26.418909072875977
203,0.814171314239502,-0.4339107871055603,-19.373233795166016
204,0.6649776697158813,-0.9224538207054138,11.885231971740723
205,-0.17127922177314758,0.45450013875961304,-13.680377960205078
206,-0.3069861829280853,0.028545305132865906,3.245802879333496
207,-0.4476914703845978,-0.915017306804657,28.08586883544922
208,-0.4146895706653595,-0.4889346957206726,-6.414549827575684
209,1.012373685836792,-0.3426777720451355,28.80483055114746
210,-1.610756278038025,-1.5047390460968018,22.370630264282227
211,-0.30795443058013916,0.03519760072231293,3.2374119758605957
212,-0.2716774046421051,-0.5362975001335144,-6.337174892425537
213,-0.13619962334632874,-0.5457442402839661,-5.997960567474365
214,1.2718195915222168,1.585568904876709,25.611757278442383
215,0.6996641159057617,-0.4492951035499573,-19.725950241088867
216,-1.3479655981063843,1.687213659286499,20.64430809020996
217,-0.05821898579597473,-1.822556972503662,17.53395652770996
218,2.2666873931884766,-0.7866737246513367,24.426607131958008
219,-2.3757147789001465,-2.422517776489258,26.774335861206055
220,-0.31442147493362427,-0.0019166916608810425,3.296800374984741
221,0.1550820767879486,-0.49847596883773804,-5.036231517791748
222,1.2234280109405518,0.8586400151252747,29.87795066833496
223,-1.2998565435409546,-0.21312613785266876,27.23842430114746
224,0.07325980067253113,0.771676242351532,7.719903945922852
225,0.8283095359802246,0.5580644011497498,-15.794280052185059
226,0.4102787673473358,1.355355978012085,14.151416778564453
227,0.6650270223617554,0.5131184458732605,-8.503250122070312
228,0.9161571264266968,-0.6804563403129578,12.082695960998535
229,-0.1784323751926422,0.1205742210149765,2.114290714263916
230,-0.04190972447395325,0.149459108710289,-0.6032175421714783
231,0.07018706202507019,-2.261425256729126,23.2996883392334
232,0.11205467581748962,-1.068753957748413,11.245381355285645
233,-1.3060176372528076,1.6168773174285889,25.926454544067383
234,-0.05845347046852112,0.7141441702842712,-7.565399646759033
235,-0.6053140163421631,1.9759626388549805,20.5714168548584
236,0.7805147171020508,-0.440421998500824,-19.480709075927734
237,-1.5851742029190063,0.4016926884651184,26.73334503173828
238,-0.6640892028808594,1.9695193767547607,20.576343536376953
239,-1.4574029445648193,0.9847121834754944,25.74342155456543
240,0.8078334331512451,0.5727816224098206,-15.744156837463379
241,2.406493902206421,-1.008345127105713,26.51114845275879
242,-0.0993596613407135,-1.0354729890823364,10.962965965270996
243,-0.691887378692627,-1.6166590452194214,17.082685470581055
244,-0.015446096658706665,0.1264641135931015,-0.4126511216163635
245,1.1523613929748535,0.12180773913860321,-16.99536895751953
246,4.031861782073975,1.4428460597991943,33.7142219543457
247,0.12013289332389832,-0.24034298956394196,-11.894390106201172
248,-0.4325285851955414,0.174143984913826,2.813897132873535
249,0.18953391909599304,-1.8247214555740356,17.701772689819336
250,-0.16953399777412415,-3.160682201385498,27.49735450744629
251,0.16543886065483093,-1.050231695175171,11.328571319580078
252,-0.9793260097503662,-3.2474112510681152,27.277803421020508
253,-0.5760759115219116,0.08720158040523529,-6.029644966125488
254,-0.2962395250797272,-0.2745041847229004,3.9389379024505615
255,-2.1616451740264893,0.4572973847389221,21.091760635375977
256,1.0961155891418457,-0.2755967974662781,-18.24136734008789
257,2.3001885414123535,-0.6662773489952087,24.49763298034668
258,0.23270520567893982,-0.37279224395751953,5.43377161026001
259,-0.6853094100952148,-0.7803213000297546,27.87800407409668
260,-0.30796581506729126,0.030344471335411072,3.2456436157226562
261,0.019004791975021362,0.06104879081249237,-0.05037527158856392
262,-1.491008996963501,-3.098088026046753,27.132108688354492
263,-1.0101284980773926,-1.9773788452148438,22.769792556762695
264,0.09522238373756409,-0.4471362829208374,4.793991565704346
265,0.5445065498352051,0.7146547436714172,-15.172433853149414
266,1.1121184825897217,-1.9535939693450928,23.834318161010742
267,1.5056657791137695,-1.0101268291473389,18.418123245239258
268,1.1807835102081299,-0.009005263447761536,-17.339630126953125
269,-0.19860294461250305,0.4035441279411316,-13.562655448913574
270,-1.9763078689575195,-2.812631607055664,26.95387077331543
271,-0.8479932546615601,-0.3219636082649231,9.871844291687012
272,0.12153193354606628,0.12912718951702118,-21.90303611755371
273,0.8211727142333984,-0.43233710527420044,-19.350387573242188
274,0.018490761518478394,-0.18375904858112335,-12.16671085357666
275,1.430095911026001,-1.389707088470459,27.627473831176758
276,-0.11009719967842102,0.7678971886634827,7.9760870933532715
277,0.6377618312835693,1.2200806140899658,13.895658493041992
278,-0.9109517335891724,-0.18327350914478302,9.617077827453613
279,1.1503486633300781,-0.19793017208576202,-17.921709060668945
280,1.7491998672485352,-1.4942686557769775,27.275218963623047
281,0.19497892260551453,0.08753924071788788,-3.90010666847229
282,0.2583062946796417,-0.25080960988998413,-4.1834187507629395
283,-1.472395658493042,0.19456438720226288,15.51091480255127
284,-0.5895910263061523,0.5550575852394104,8.302165031433105
285,-0.46689489483833313,0.1893741637468338,2.7293365001678467
286,1.777998447418213,0.8295546174049377,19.940961837768555
287,-0.244905024766922,1.1566359996795654,26.058561325073242
288,-0.040438443422317505,-1.8241581916809082,17.546743392944336
289,0.20237204432487488,0.06009487807750702,-3.887544631958008
290,-0.09409180283546448,0.7065673470497131,-7.5161004066467285
291,0.5640826225280762,0.1060594767332077,7.090184688568115
292,0.14465901255607605,-0.029895499348640442,-21.534425735473633
293,1.3021445274353027,1.0076205730438232,30.138019561767578
294,-1.114702582359314,-1.3189905881881714,16.732465744018555
295,-0.01824381947517395,0.7232900261878967,-7.601294994354248
296,0.29009053111076355,-1.0451297760009766,11.469870567321777
297,0.8209562301635742,-0.43238621950149536,-19.35109519958496
298,2.3567001819610596,1.9566915035247803,31.739484786987305
299,0.5813713073730469,0.1991768330335617,7.223395824432373
300,1.2556591033935547,0.3867645859718323,12.948896408081055
301,0.1253856122493744,1.4593870639801025,14.246044158935547
302,-0.8652446269989014,1.9228808879852295,20.587675094604492
303,-0.4074101150035858,0.16170193254947662,2.851637840270996
304,1.1431372165679932,0.1485920399427414,-16.92620277404785
305,0.25811073184013367,0.6929898858070374,7.557346820831299
306,0.6372289657592773,-0.4498468041419983,-19.906442642211914
307,1.5614197254180908,-1.6817772388458252,24.04279136657715
308,0.347077339887619,-0.3345528244972229,-20.74949073791504
309,-2.479189872741699,0.30437976121902466,25.722681045532227
310,1.9839494228363037,-1.3017182350158691,24.232290267944336
311,-0.1262824833393097,1.1502668857574463,26.087459564208984
312,0.037193745374679565,-1.0772911310195923,11.116045951843262
313,-0.4707989990711212,-0.4322749376296997,-6.359571933746338
314,0.1449732482433319,-0.5013933181762695,-5.067636489868164
315,2.0082969665527344,0.7776997685432434,25.215795516967773
316,-0.6433382034301758,-3.25797700881958,27.37211799621582
317,-0.22116521000862122,0.14204977452754974,2.1856653690338135
318,2.2843637466430664,-0.006760314106941223,24.878597259521484
319,0.10009309649467468,0.6564127802848816,-14.293509483337402
320,-1.4963387250900269,-0.12309713661670685,15.728745460510254
321,0.4520535171031952,-0.12158484756946564,6.4059529304504395
322,0.6065621376037598,-2.153801918029785,23.586442947387695
323,0.19457337260246277,-0.4834442734718323,-4.919341564178467
324,0.6906867027282715,0.6459582448005676,-15.476351737976074
325,0.4603477418422699,0.49289989471435547,7.3637285232543945
326,1.6819707155227661,-0.7585324645042419,18.56477165222168
327,-0.17887237668037415,0.02986125648021698,-12.746001243591309
328,0.39887598156929016,0.5843437314033508,7.437826633453369
329,1.8839600086212158,0.5079177021980286,19.64525032043457
330,2.681900978088379,-1.0298101902008057,30.819446563720703
331,-0.032486170530319214,0.17244882881641388,-1.4275926351547241
332,-0.15372923016548157,-0.38749831914901733,4.130143642425537
333,1.0078117847442627,-0.30785244703292847,28.838876724243164
334,-2.2047200202941895,-0.07887883484363556,21.3846492767334
335,-0.46358123421669006,-0.45223915576934814,-6.37831449508667
336,1.9507660865783691,0.8816679120063782,25.254968643188477
337,0.19615969061851501,0.07581503689289093,-3.6987791061401367
338,0.24360886216163635,-0.06034253537654877,-3.889159917831421
339,0.40950915217399597,0.5385506749153137,-23.092973709106445
340,-0.3335619270801544,0.10703496634960175,3.063539505004883
341,0.5336757898330688,0.04336749017238617,6.937188625335693
342,0.04135134816169739,0.13869045674800873,-1.876299500465393
343,0.1963491141796112,0.07579226791858673,-3.7077293395996094
344,-0.4506918489933014,-0.46403443813323975,-6.3904805183410645
345,-0.005692511796951294,1.1397945880889893,26.115928649902344
346,2.6915502548217773,1.975609540939331,32.009803771972656
347,-0.3244306147098541,-0.2630535960197449,3.8660202026367188
348,-0.7200292348861694,0.4062986969947815,8.476483345031738
349,0.3361043632030487,1.3868274688720703,14.181662559509277
350,-0.9183323383331299,0.07136707007884979,9.079713821411133
351,0.2485416829586029,-0.2210751324892044,-4.116962909698486
352,-1.0677011013031006,-3.2320218086242676,27.255231857299805
353,0.7674088478088379,0.381290078163147,-8.795975685119629
354,2.4416956901550293,1.9661829471588135,31.80408477783203
355,0.21888920664787292,-0.1966002732515335,-21.154277801513672
356,-0.1502780020236969,-0.07575614750385284,0.1688128262758255
357,2.3197383880615234,-0.5313016772270203,24.579635620117188
358,1.8684394359588623,-0.36842578649520874,18.923978805541992
359,0.7718367576599121,-0.10393024981021881,-9.959189414978027
360,-2.3036270141601562,0.5090301632881165,25.67905044555664
361,1.249363899230957,0.055223867297172546,12.675084114074707
362,-0.1799938976764679,-0.5522792339324951,-6.137238025665283
363,-0.7783803939819336,1.3658990859985352,14.671472549438477
364,2.372718095779419,-0.35324734449386597,26.35983657836914
365,1.5903422832489014,-1.4689230918884277,27.438817977905273
366,-0.8139035701751709,0.3133125901222229,8.589421272277832
367,0.5816127061843872,0.1946895569562912,7.21694803237915
368,-0.06979325413703918,0.18852649629116058,-1.0309562683105469
369,0.8648543357849121,-0.4207248091697693,-19.203468322753906
370,2.2581803798675537,0.11511878669261932,24.93783187866211
371,-0.18034318089485168,0.03286711871623993,-12.752174377441406
372,-0.2026539146900177,0.1329079121351242,2.137338876724243
373,-0.35415348410606384,-0.2369924932718277,3.7516777515411377
374,1.047783374786377,-0.5308367609977722,28.61932945251465
375,0.12361475825309753,0.1671934574842453,-21.991222381591797
376,4.504811763763428,0.8638160824775696,34.45281982421875
377,0.19442161917686462,0.09244261682033539,-3.922192096710205
378,-0.21703818440437317,-0.5487006306648254,-6.230712413787842
379,-0.9017064571380615,0.14005033671855927,8.955689430236816
380,0.3795599639415741,-2.212184429168701,23.468629837036133
381,0.025774091482162476,0.7327110171318054,-7.6379923820495605
382,-0.4487345516681671,0.48095136880874634,-6.528469562530518
383,-2.448599100112915,-2.3259057998657227,26.73630714416504
384,-1.4563233852386475,0.30082863569259644,15.43974781036377
385,0.03905019164085388,0.1396966427564621,-1.8618730306625366
386,-2.8807621002197266,-1.311967134475708,26.239761352539062
387,1.6192131042480469,-1.4771335124969482,27.407827377319336
388,0.58559250831604,0.6074424386024475,-8.302638053894043
389,0.5595731735229492,0.5770478844642639,-23.40413475036621
390,-1.6819190979003906,-1.4211902618408203,22.300966262817383
391,1.7498297691345215,1.728327989578247,31.309101104736328
392,-0.16051557660102844,0.4705684781074524,-13.718968391418457
393,0.3762631118297577,-0.35638540983200073,-20.66884994506836
394,-1.5079156160354614,-0.2533511519432068,15.81008243560791
395,-1.41858971118927,-0.8650901913642883,16.270090103149414
396,0.13410964608192444,-1.0622302293777466,11.280102729797363
397,0.36557528376579285,0.5182409882545471,-22.99223518371582
398,-1.671260118484497,1.3588192462921143,20.693069458007812
399,-1.4591630697250366,0.9840927720069885,25.743207931518555
400,1.521838665008545,1.3385045528411865,30.798892974853516
401,-0.022216349840164185,0.5980900526046753,-14.071246147155762
402,-0.16542014479637146,0.113914355635643,2.103010892868042
403,-0.46244683861732483,-0.45348960161209106,-6.379806041717529
404,0.6727054119110107,1.1973154544830322,13.85560131072998
405,-0.9145269393920898,-1.4775772094726562,16.924720764160156
406,0.12656548619270325,0.10362015664577484,-2.3608076572418213
407,-1.6129426956176758,0.7763846516609192,26.46299171447754
408,-1.5635154247283936,1.0744256973266602,26.26327896118164
409,-0.4031372368335724,2.059027910232544,25.836076736450195
410,-0.08425620198249817,0.07637475430965424,2.0226645469665527
411,0.8350410461425781,-0.42899054288864136,-19.304594039916992
412,-1.898328423500061,-1.099564790725708,22.054767608642578
413,-0.6923024654388428,-3.260443687438965,27.358461380004883
414,0.6391606330871582,-0.23167015612125397,-10.496142387390137
415,-0.031997233629226685,0.5918824076652527,-14.051091194152832
416,2.443324327468872,-0.6130906939506531,26.355676651000977
417,-0.7913717031478882,0.33532553911209106,8.558032035827637
418,3.9137396812438965,1.5487773418426514,33.495845794677734
419,-0.8819131851196289,-0.6417443156242371,27.694734573364258
420,0.6834679841995239,0.4900466203689575,-8.551360130310059
421,-0.33317187428474426,-0.5222814679145813,-6.415844440460205
422,0.8318209648132324,-0.42979568243026733,-19.31529426574707
423,-1.1855456829071045,-1.2419755458831787,16.645784378051758
424,0.06949207186698914,2.0348970890045166,25.801698684692383
425,-0.033725231885910034,-1.0667612552642822,10.989558219909668
426,0.14859959483146667,-0.04636712372303009,-21.499357223510742
427,-0.9937310218811035,-3.2451999187469482,27.274188995361328
428,-0.6909956932067871,-0.6059796214103699,10.272284507751465
429,-0.15033307671546936,-0.07550950348377228,0.16749174892902374
430,0.8185303211212158,0.013925120234489441,-9.582122802734375
431,0.5255964994430542,-1.752187967300415,17.8786678314209
432,-0.5769363641738892,1.462910532951355,14.508177757263184
433,2.3169169425964355,-0.2491263896226883,24.75016212463379
434,0.37894412875175476,-0.2991694211959839,-11.17338752746582
435,-0.22308269143104553,0.142978236079216,2.1905901432037354
436,0.10537645220756531,-0.23245055973529816,-11.940162658691406
437,4.032456398010254,1.4422662258148193,33.71537399291992
438,-0.08146920800209045,-0.015049293637275696,0.1623118668794632
439,0.2552371323108673,-0.11641933023929596,-3.9821503162384033
440,0.41264912486076355,0.5398200154304504,-23.099946975708008
441,-1.560341477394104,0.30762940645217896,26.803579330444336
442,-0.826485276222229,-0.3593122363090515,9.932787895202637
443,1.1504992246627808,-0.28437119722366333,12.38788890838623
444,1.6389193534851074,1.5309069156646729,31.220775604248047
445,-0.4277091324329376,-2.2107725143432617,23.06898307800293
446,0.6326521635055542,1.7567620277404785,20.450132369995117
447,0.8209527730941772,0.17963795363903046,-9.198580741882324
448,1.1751378774642944,0.5838006138801575,13.131665229797363
449,-2.81872820854187,-0.34817880392074585,25.864286422729492
450,-1.4834623336791992,-0.006342604756355286,15.655001640319824
451,-1.048537015914917,-0.498529851436615,27.527360916137695
452,-1.6619658470153809,-3.014833688735962,27.07408905029297
453,1.0592751502990723,-0.5963861346244812,28.55443000793457
454,-0.4043934643268585,0.5378543734550476,-6.760056018829346
455,0.2611193358898163,-0.25201159715652466,-21.007272720336914
456,0.45506003499031067,0.5020953416824341,7.371128559112549
457,0.20786473155021667,0.3863256573677063,-22.538747787475586
458,-0.48202529549598694,0.6283159852027893,8.22418212890625
459,-2.184326171875,0.6024382710456848,25.681570053100586
460,-0.270162969827652,-0.5366479754447937,-6.334898471832275
461,-0.31257012486457825,-0.03359644114971161,3.3647115230560303
462,0.46367743611335754,-0.0997663289308548,6.476328372955322
463,3.479459047317505,-0.6628352999687195,31.745466232299805
464,2.1427009105682373,-1.1840145587921143,30.20171356201172
465,0.3916219174861908,0.5904132723808289,7.443100452423096
466,-0.30597415566444397,0.02688758075237274,3.2463204860687256
467,1.5210635662078857,0.6068082451820374,26.386899948120117
468,1.8385028839111328,-1.4512617588043213,24.167423248291016
469,1.4891982078552246,-1.732522964477539,24.009775161743164
470,-1.595651388168335,0.9325998425483704,25.72688102722168
471,-0.0908835232257843,-1.039931058883667,10.966464042663574
472,-1.38761305809021,1.4920051097869873,26.002317428588867
473,0.42214784026145935,0.559243381023407,7.418676376342773
474,4.1673808097839355,1.3199284076690674,33.94658660888672
475,-0.35848185420036316,-0.11478306353092194,3.47158145904541
476,1.5750644207000732,-1.671846628189087,24.04901695251465
477,-2.440560817718506,-2.3369946479797363,26.740705490112305
478,0.4709056317806244,-1.0143742561340332,11.66333293914795
479,0.4353291094303131,-0.1452760249376297,6.350522041320801
480,-0.19464769959449768,0.6798246502876282,-7.363837718963623
481,-0.001156836748123169,-0.03757937252521515,0.33670300245285034
482,0.06673046946525574,0.6435143351554871,-14.237784385681152
483,-0.330742746591568,0.0978594571352005,3.0872642993927
484,-0.14017453789710999,-0.08369894325733185,0.24674411118030548
485,0.021721571683883667,-0.00954146683216095,0.8465062975883484
486,0.362169474363327,-1.1918323040008545,28.73587989807129
487,0.9159290790557861,-0.6807458996772766,12.082560539245605
488,0.3545585572719574,-1.0401191711425781,11.537920951843262
489,0.4475714862346649,1.9599766731262207,25.75969886779785
490,-0.19506290555000305,0.4112955331802368,-13.58017635345459
491,0.5088059902191162,-1.7583558559417725,17.870649337768555
492,-0.04411652684211731,0.008226320147514343,1.7051705121994019
493,-0.13428762555122375,-0.05589433014392853,0.11803539097309113
494,-0.5437455177307129,1.4752477407455444,14.486860275268555
495,2.102177143096924,1.904904842376709,31.563108444213867
496,0.2220127284526825,0.7449280619621277,-7.804101467132568
497,0.12336394190788269,1.9360902309417725,20.50620460510254
498,2.074430465698242,-1.4237585067749023,26.936603546142578
499,0.19160351157188416,0.7472065091133118,-7.777476787567139
500,0.15401563048362732,0.07685406506061554,-2.719759225845337
